agent_id,scenario,task_id,task_kind,runs,success_rate,pass_at_1,pass_at_3,pass_pow_3,time_p10,time_median,time_p90,time_mean,time_std,time_cv,cost_p10,cost_median,cost_p90,cost_mean,cost_std,cost_cv,cold_cost_median,cold_cost_p90,cold_cost_cv,cache_savings_mean,cache_read_rate_mean,cost_per_success_mean,time_per_success_mean,xcodebuild_calls_mean,xcrun_calls_mean,simctl_calls_mean,mcp_tool_calls_mean,time_to_first_xcodebuild_mean,time_to_first_mcp_build_mean,xcodebuild_repeat_mean,destination_count_mean,destination_churn_mean,tool_error_mean,tool_error_mcp_mean,tool_error_non_mcp_mean
claude-opus,mcp_unprimed,feature_from_task_md_fix_tests,capability,30,1.0,1.0,1.0,1.0,113.22797162532807,128.35955846309662,136.8681432247162,130.20186121463774,22.13644907788931,0.17001637973052763,0.589428525,0.678933125,0.7187335749999999,0.65914315,0.0665944190956888,0.10103180029359146,4.0687725,4.3568685,0.15366327130958846,3.1637596833333332,0.9997825211002277,0.65914315,130.20186121463774,0.0,0.0,0.0,7.133333333333334,,89.63060739999999,0.0,0.0,0.0,0.06666666666666667,0.06666666666666667,0.0
claude-opus,mcp_unprimed,hn_api_cache_ttl,capability,30,1.0,1.0,1.0,1.0,162.80232570171356,171.84697496891022,186.24613621234897,179.42275958855947,23.232317826950233,0.12948367241828776,0.8053310000000001,0.8978180000000001,0.9547241999999999,0.892280325,0.059444875218237735,0.06662130000259474,5.593100000000001,6.0266615,0.07521343980028847,4.650512508333334,0.9996025757896366,0.892280325,179.42275958855947,0.0,0.0,0.0,6.966666666666667,,137.6029087,0.0,0.0,0.0,0.06666666666666667,0.06666666666666667,0.0
claude-opus,mcp_unprimed,hn_offline_api_refactor,capability,30,1.0,1.0,1.0,1.0,122.78478798866271,129.50345838069916,142.92861313819884,135.3562701225281,23.41585213202425,0.17299421822740532,0.5510222499999999,0.5960797499999999,0.6735427999999999,0.6021315416666667,0.05264482226579278,0.08743076657315581,3.9096650000000004,4.4746185,0.0987937875124317,3.389145958333334,0.9995376529972176,0.6021315416666667,135.3562701225281,0.0,0.0,0.0,7.0,,94.52738953333333,0.0,0.0,0.0,0.26666666666666666,0.13333333333333333,0.13333333333333333
claude-opus,mcp_unprimed,hn_settings_deeplink,capability,30,1.0,1.0,1.0,1.0,170.78548996448518,187.08899211883545,195.42627511024475,184.2315131187439,10.026228154669784,0.05442189549953659,0.9610921749999999,1.084820875,1.1483647750000001,1.0564421333333334,0.08383672418181459,0.07935761130360186,7.839155,8.2173285,0.09696855827151594,6.4563982,0.9999352205366497,1.0564421333333334,184.2315131187439,0.0,0.0,0.0,13.766666666666667,,102.99587436666667,0.0,0.0,0.0,2.6,0.0,2.6
claude-opus,mcp_unprimed,smoke_build_install_launch,regression,30,1.0,1.0,1.0,1.0,70.24968228340148,72.91867089271545,75.60416576862336,72.36041611830393,3.3728715297407756,0.046612107982165,0.228520025,0.23067312500000003,0.233420475,0.225687,0.02383465478309493,0.10560933852235588,1.5512025,1.5544140000000002,0.1243041365633514,1.2834823333333334,0.999986954609982,0.225687,72.36041611830393,0.0,0.0,0.0,9.766666666666667,,42.062951766666664,0.0,0.0,0.0,0.0,0.0,0.0
claude-opus,mcp_unprimed_v2,feature_from_task_md_fix_tests,capability,15,1.0,1.0,1.0,1.0,97.53729739189149,105.30230212211609,112.00734801292418,104.73462565739949,5.488711822628415,0.052405895263164456,0.37899264999999993,0.399936,0.427597,0.40404308333333333,0.024865399802283118,0.06154145641386787,1.427845,1.554059,0.12202668606553356,1.0265925833333334,0.9984414094293353,0.40404308333333333,104.73462565739949,1.0,0.0,0.0,6.4,106.26250826666666,51.58478233333334,0.0,1.0,0.0,0.06666666666666667,0.06666666666666667,0.0
claude-opus,mcp_unprimed_v2,hn_api_cache_ttl,capability,15,1.0,1.0,1.0,1.0,151.33786091804504,162.0381019115448,175.7343198776245,163.0571027914683,9.65214418969031,0.05919487114912324,0.58228995,0.6737752499999999,0.72107045,0.6604582499999999,0.05964542102620166,0.09030914675712154,3.41455,3.621791,0.10389536496073068,2.662324416666667,0.9989699403370058,0.6604582499999999,163.0571027914683,1.0,0.0,0.0,8.2,163.57300806666666,127.6094874,0.0,1.0,0.0,0.7333333333333333,0.3333333333333333,0.4
claude-opus,mcp_unprimed_v2,hn_offline_api_refactor,capability,15,1.0,1.0,1.0,1.0,112.22804651260375,133.4073281288147,188.33482823371887,141.13153357505797,31.893407141110657,0.22598356535358408,0.344061,0.45882475000000006,0.55170405,0.4549495666666667,0.07643663240650404,0.16801122147789138,2.53012,2.941973,0.20788960282530344,1.942772766666667,0.9993996771983674,0.4549495666666667,141.13153357505797,1.0,0.0,0.0,8.2,141.65696866666667,92.85837786666667,0.0,1.0,0.0,0.7333333333333333,0.4666666666666667,0.26666666666666666
claude-opus,mcp_unprimed_v2,hn_settings_deeplink,capability,15,1.0,1.0,1.0,1.0,168.2118043422699,183.04381799697876,227.28525805473325,204.3688630580902,63.349673529051046,0.3099771294957217,0.70503815,0.7950164999999999,0.9417182500000001,0.8110215666666666,0.09883677563360217,0.12186701278466065,5.03384,6.06433,0.15143645008679749,4.320197100000001,0.9998679957760715,0.8110215666666666,204.3688630580902,0.0,0.0,0.0,15.133333333333333,,122.3925546,0.0,0.0,0.0,1.4666666666666666,0.13333333333333333,1.3333333333333333
claude-opus,mcp_unprimed_v2,smoke_build_install_launch,regression,15,1.0,1.0,1.0,1.0,69.50627536773682,74.84654211997986,78.69905152320862,74.8219354947408,5.361858575608999,0.07166158613988116,0.1105699,0.1192755,0.15773399999999996,0.12664876666666666,0.025489592231169755,0.20126206438517566,0.584025,0.830795,0.28393016006794414,0.5036569,0.9999695935688381,0.12664876666666666,74.8219354947408,0.0,0.0,0.0,7.666666666666667,,51.79163246666667,0.0,0.0,0.0,0.0,0.0,0.0
claude-opus,shell_primed,feature_from_task_md_fix_tests,capability,30,1.0,1.0,1.0,1.0,88.9396878004074,108.19838154315948,115.61062045097351,105.4725074450175,10.179057693487165,0.09650910877219333,0.27487130000000004,0.379587625,0.44572785000000004,0.3751765083333333,0.07103104743314968,0.18932701236731134,1.7562775000000002,2.0240935,0.23208359648885815,1.2653731583333334,0.9989964480585997,0.3751765083333333,105.4725074450175,1.0333333333333334,0.0,0.0,0.0,45.0005333,,0.0,1.0333333333333334,0.03333333333333333,0.0,0.0,0.0
claude-opus,shell_primed,hn_api_cache_ttl,capability,30,1.0,1.0,1.0,1.0,148.5282313108444,159.41132581233978,170.17941687107088,159.60130532582602,9.665399412894157,0.060559651396097584,0.5588537,0.6256675,0.7785225499999999,0.6539005333333333,0.08700667408354802,0.13305796470301298,2.7443850000000003,3.284071000000001,0.1487390495726436,2.192186466666667,0.9990361722356244,0.6539005333333333,159.60130532582602,1.0,0.0,0.0,0.0,94.0383997,,0.0,1.0,0.0,0.0,0.0,0.0
claude-opus,shell_primed,hn_offline_api_refactor,capability,30,0.9666666666666667,0.9666666666666667,0.9999629629629629,0.9032962962962963,112.39526290893555,121.88198339939117,140.65436787605287,123.95278231302898,15.193342039643388,0.12257362647394467,0.38089742499999996,0.45703925,0.5778966500000001,0.471081775,0.08303858568825072,0.1762721253401296,2.0951925000000005,2.6402600000000005,0.20537710095057576,1.6795140583333334,0.9993057633463429,0.487325974137931,128.22701618589204,1.1666666666666667,0.0,0.0,0.0,55.89879113333333,,0.16666666666666666,1.0,0.0,0.16666666666666666,0.0,0.16666666666666666
claude-opus,shell_primed,hn_settings_deeplink,capability,30,1.0,1.0,1.0,1.0,146.62272119522095,159.1924729347229,173.57724795341494,159.88438693682352,11.308897414248557,0.0707317182803918,0.537623175,0.5889721249999998,0.69907405,0.6080795166666666,0.07270607264894864,0.11956671891778953,3.2991425000000003,3.7345855000000006,0.10439632709808415,2.70843565,0.9999963992426676,0.6080795166666666,159.88438693682352,1.0,5.966666666666667,5.966666666666667,0.0,65.71777965517242,,0.0,1.0,0.0,0.0,0.0,0.0
claude-opus,shell_primed,smoke_build_install_launch,regression,30,1.0,1.0,1.0,1.0,71.51394612789154,77.003462433815,90.17418522834777,80.48844143549601,8.2428057837583,0.1024098073804068,0.14077459999999997,0.178541375,0.29875044999999995,0.2018387083333333,0.07207529071057078,0.35709349958551867,0.6651250000000001,1.1480860000000002,0.31107179728895623,0.6433816250000001,0.9999867194927811,0.2018387083333333,80.48844143549601,1.0,3.2,3.2,0.0,15.250348466666667,,0.0,1.0,0.0,0.0,0.0,0.0
claude-opus,shell_unprimed,feature_from_task_md_fix_tests,capability,30,1.0,1.0,1.0,1.0,156.43786001205444,166.2819368839264,183.93778557777404,169.9038014014562,11.94379027089011,0.07029736928998308,0.29503880000000005,0.33837874999999995,0.42377705,0.34644497499999993,0.056970540054909605,0.16444325698448828,1.2606175000000004,2.0564590000000003,0.2948155076320521,1.0603105250000002,0.993923057510511,0.34644497499999993,169.9038014014562,2.1,0.0,0.0,0.0,38.4790217,,0.0,2.0,1.0,0.9333333333333333,0.0,0.9333333333333333
claude-opus,shell_unprimed,hn_api_cache_ttl,capability,30,1.0,1.0,1.0,1.0,224.13720242977143,245.74141645431519,259.7052712917328,244.37369225819904,19.06679073318924,0.07802309060765736,0.63975315,0.6703356249999997,0.7562852999999998,0.6834264083333333,0.0486517415934008,0.07118797430150149,3.083005,3.6027825000000004,0.10847580625294737,2.4505530916666673,0.9986295871658123,0.6834264083333333,244.37369225819904,2.1666666666666665,0.03333333333333333,0.03333333333333333,0.0,97.6399418,,0.03333333333333333,1.9666666666666666,0.9666666666666667,0.6666666666666666,0.0,0.6666666666666666
claude-opus,shell_unprimed,hn_offline_api_refactor,capability,30,1.0,1.0,1.0,1.0,200.29504597187042,218.9927179813385,238.66094288825988,218.72888453801474,15.51889423687413,0.07095036519594636,0.490693525,0.533392375,0.6250274250000001,0.5416631916666667,0.0557674804350727,0.10295600899791502,2.60895,3.2326725,0.12636708910028285,2.1402138083333337,0.999470945363624,0.5416631916666667,218.72888453801474,3.7,0.0,0.0,0.0,58.78488993333334,,0.2,2.0,1.0,0.9333333333333333,0.0,0.9333333333333333
claude-opus,shell_unprimed,hn_settings_deeplink,capability,30,1.0,1.0,1.0,1.0,165.67714042663576,181.9944578409195,202.93527991771697,183.61372114817303,17.164018278242064,0.09347895228587522,0.6439329500000001,0.724855375,0.7865455000000003,0.7214630166666666,0.062336483879306646,0.08640288197628794,4.033952500000001,4.6200995,0.11356803421065204,3.3895171500000005,0.9997951254211087,0.7214630166666666,183.61372114817303,1.1666666666666667,5.733333333333333,5.733333333333333,0.0,79.46144460000001,,0.0,1.0,0.0,2.433333333333333,0.0,2.433333333333333
claude-opus,shell_unprimed,smoke_build_install_launch,regression,30,1.0,1.0,1.0,1.0,95.65288648605348,104.49340796470642,124.24417543411255,107.63010425567627,10.89134749387398,0.10119239007705025,0.179512875,0.204292125,0.21285347500000007,0.20656795,0.0322879039223002,0.15630645471526536,0.9143950000000001,0.9994745,0.12221187591479747,0.7128798833333334,0.9992289622858765,0.20656795,107.63010425567627,2.0,3.0,3.0,0.0,54.9864147,,0.0,1.0,0.0,0.0,0.0,0.0
claude-sonnet,mcp_unprimed,feature_from_task_md_fix_tests,capability,30,1.0,1.0,1.0,1.0,113.92101836204529,124.66998219490051,139.04906525611878,127.13846535682679,16.415746319062617,0.1291170714778583,0.373302505,0.44086435,0.48590104,0.43430014,0.05801727850716989,0.13358798020919332,2.6981085,3.0915966000000004,0.1832825878354087,2.2305115600000005,0.9997741267720436,0.43430014,127.13846535682679,0.0,0.0,0.0,11.666666666666666,,75.93833296666666,0.0,0.0,0.0,0.06666666666666667,0.06666666666666667,0.0
claude-sonnet,mcp_unprimed,hn_api_cache_ttl,capability,30,1.0,1.0,1.0,1.0,178.71877539157867,188.72638165950775,205.6241758108139,190.20617660681407,11.502756258257627,0.060475198352972645,0.5350354900000001,0.576184775,0.6177774100000002,0.5747057416666667,0.04214036053382643,0.07332510792674163,3.6337215,3.8988503999999997,0.10676335868493263,3.0055485583333335,0.9995922488739949,0.5747057416666667,190.20617660681407,0.03333333333333333,0.0,0.0,7.466666666666667,216.153937,149.08277713333334,0.0,0.03333333333333333,0.0,0.06666666666666667,0.0,0.06666666666666667
claude-sonnet,mcp_unprimed,hn_offline_api_refactor,capability,30,1.0,1.0,1.0,1.0,121.5197187423706,128.00089490413666,144.17997250556945,133.63369847933453,19.87562799189209,0.14873215527268904,0.335444275,0.373360975,0.42932183500000004,0.381609555,0.038729797881283334,0.10149063977521039,2.5226655,2.9586930000000002,0.13553394916093442,2.152096645,0.9994468050399894,0.381609555,133.63369847933453,0.0,0.0,0.0,6.733333333333333,,95.00622366666667,0.0,0.0,0.0,0.16666666666666666,0.03333333333333333,0.13333333333333333
claude-sonnet,mcp_unprimed,hn_settings_deeplink,capability,30,0.9666666666666667,0.9666666666666667,0.9999629629629629,0.9032962962962963,188.5497454404831,226.3218058347702,298.7702235221863,242.88562827110292,64.00915920662173,0.2635362152229785,0.5451837199999999,0.68805325,0.90854339,0.7197347672413793,0.20557087723639927,0.28562032375387036,4.562778,6.5640144000000005,0.33042712165601235,4.1945257155172415,0.9995545362568841,0.7197347672413793,251.2609947632099,0.0,0.0,0.0,13.6,,119.70523186666667,0.0,0.0,0.0,1.1666666666666667,0.03333333333333333,1.1333333333333333
claude-sonnet,mcp_unprimed,smoke_build_install_launch,regression,30,1.0,1.0,1.0,1.0,62.41647372245789,71.64357280731201,86.34059362411499,72.74432660738627,9.144900411120638,0.1257129021274367,0.10996067500000001,0.1310584,0.19213469499999997,0.145674225,0.03791520539920751,0.26027394619197397,0.8250345,1.2715116,0.2923198198828135,0.792590075,0.9987197348243954,0.145674225,72.74432660738627,0.0,0.0,0.0,9.2,,45.40274343333333,0.0,0.0,0.0,0.0,0.0,0.0
claude-sonnet,mcp_unprimed_v2,feature_from_task_md_fix_tests,capability,15,1.0,1.0,1.0,1.0,113.14329500198363,139.08207488059998,146.3974697113037,135.28942742347718,18.752008235202318,0.13860660505647338,0.25578115,0.35760855,0.44067394,0.3521672533333333,0.06992150591118859,0.19854630221682337,1.6544100000000002,2.3037972,0.313170026125243,1.3627469466666668,0.9994264521547678,0.3521672533333333,135.28942742347718,1.0,0.0,0.0,11.6,136.67351793333333,84.62494514285713,0.0,1.0,0.0,0.5333333333333333,0.4666666666666667,0.06666666666666667
claude-sonnet,mcp_unprimed_v2,hn_api_cache_ttl,capability,15,1.0,1.0,1.0,1.0,180.18476195335387,199.4851222038269,258.06883893013,210.07834367752076,38.428926803422264,0.18292664598694813,0.40960165000000004,0.4509734499999999,0.52436712,0.46498944666666664,0.06515629864170976,0.14012425251538632,2.4865950000000003,2.6400756,0.11983616862024783,1.9199095533333335,0.9999173041491801,0.46498944666666664,210.07834367752076,1.0,0.0,0.0,7.266666666666667,210.57678566666667,150.80718954545455,0.0,1.0,0.0,0.3333333333333333,0.3333333333333333,0.0
claude-sonnet,mcp_unprimed_v2,hn_offline_api_refactor,capability,15,1.0,1.0,1.0,1.0,126.05755038261414,140.87373900413513,174.59483408927917,151.1399527867635,28.989779069228028,0.19180751703772458,0.26424882,0.2907778,0.39117787000000004,0.31991291666666666,0.06909268310745892,0.21597340872438126,1.595676,2.334153,0.2391468635046288,1.4081442833333333,0.9991102706293098,0.31991291666666666,151.1399527867635,1.0,0.0,0.0,8.333333333333334,151.62182566666667,107.27143692857143,0.0,1.0,0.0,0.3333333333333333,0.3333333333333333,0.0
claude-sonnet,mcp_unprimed_v2,hn_settings_deeplink,capability,15,1.0,1.0,1.0,1.0,177.26172308921815,199.2744607925415,269.375822687149,209.7528025150299,43.239148015100206,0.20614336255174415,0.4296047200000001,0.4956284,0.56941306,0.5021769733333333,0.060170398423527324,0.11981911082885838,3.04083,3.5171088,0.16301665101001805,2.488492626666667,0.9992618284387144,0.5021769733333333,209.7528025150299,0.0,0.0,0.0,14.333333333333334,,123.30157533333333,0.0,0.0,0.0,0.9333333333333333,0.5333333333333333,0.4
claude-sonnet,mcp_unprimed_v2,smoke_build_install_launch,regression,15,1.0,1.0,1.0,1.0,66.71820497512817,69.94568920135498,79.41045980453491,79.47155197461446,30.09629999427084,0.378705325949649,0.0653758,0.0656854,0.10648268999999999,0.07409267333333333,0.01773150120802831,0.23931517666067448,0.27782700000000005,0.5594622,0.36254208130413634,0.26151552666666666,0.9995615267843748,0.07409267333333333,79.47155197461446,0.0,0.0,0.0,7.733333333333333,,56.9024726,0.0,0.0,0.0,0.0,0.0,0.0
claude-sonnet,shell_primed,feature_from_task_md_fix_tests,capability,30,1.0,1.0,1.0,1.0,89.20629408359527,96.00868797302246,104.8112671136856,96.83348317146302,7.199613364549737,0.07435045326007104,0.14151519999999998,0.1862644,0.34509871499999994,0.22799097166666668,0.0867937040614675,0.38068921513420234,0.7434465,0.8433354000000001,0.12471038614402408,0.5061886283333333,0.9998047733225986,0.22799097166666668,96.83348317146302,1.0333333333333334,0.0,0.0,0.0,40.1506726,,0.0,1.0333333333333334,0.03333333333333333,0.0,0.0,0.0
claude-sonnet,shell_primed,hn_api_cache_ttl,capability,30,1.0,1.0,1.0,1.0,175.76186821460723,185.19514763355255,208.4112757205963,190.13020501931507,17.457143320278075,0.09181678060308528,0.36808568999999997,0.387035625,0.43072584,0.3983787233333333,0.04426008974137546,0.11110053612060489,1.819479,1.9923189000000003,0.08950379195865762,1.4635632766666666,0.9998008438098742,0.3983787233333333,190.13020501931507,1.3666666666666667,0.0,0.0,0.0,113.3195173,,0.3333333333333333,1.0,0.0,0.0,0.0,0.0
claude-sonnet,shell_primed,hn_offline_api_refactor,capability,30,0.9666666666666667,0.9666666666666667,0.9999629629629629,0.9032962962962963,120.32752480506898,126.1233811378479,147.47681906223298,136.53357308705648,35.16134806322031,0.2575289525368295,0.23941140000000002,0.26388547500000004,0.46325485999999994,0.324983885,0.10622974769759982,0.32687697021530726,1.2737565000000002,1.5450438,0.28010823437430604,1.0766498150000001,0.9998717384447293,0.3361902258620689,141.24162733143774,1.2,0.13333333333333333,0.1,0.0,64.04085893333334,,0.06666666666666667,1.0,0.0,0.03333333333333333,0.0,0.03333333333333333
claude-sonnet,shell_primed,hn_settings_deeplink,capability,30,1.0,1.0,1.0,1.0,176.33364295959473,189.24575853347778,212.71735510826113,198.09056245485942,33.15818279754951,0.16738900827294861,0.3540001399999999,0.419303475,0.55290892,0.43462536833333326,0.07633127505552577,0.17562544806860875,2.365491,2.7275763000000004,0.15014907666337327,1.9221240316666668,0.9999035054653672,0.43462536833333326,198.09056245485942,1.0,6.666666666666667,6.666666666666667,0.0,71.91783050000001,,0.0,1.0,0.0,0.0,0.0,0.0
claude-sonnet,shell_primed,smoke_build_install_launch,regression,30,1.0,1.0,1.0,1.0,86.62339699268341,99.87493813037872,111.41336045265199,100.41906356811523,11.629665130426131,0.11581132821994118,0.11606292500000001,0.17240265,0.34142129499999985,0.20745457499999997,0.0818634588076113,0.39460907915678073,0.845373,1.0151934,0.2681336097070005,0.578654125,0.9998203988291133,0.20745457499999997,100.41906356811523,1.3666666666666667,4.0,4.0,0.0,28.0613135,,0.0,1.0,0.0,0.0,0.0,0.0
claude-sonnet,shell_unprimed,feature_from_task_md_fix_tests,capability,30,1.0,1.0,1.0,1.0,163.8028076648712,186.4323010444641,209.76891779899597,185.20989947319032,22.988906228449842,0.12412352846062397,0.21942871,0.3741585999999999,0.4466867149999999,0.352116705,0.09231809682132913,0.2621803950520585,1.031595,1.3226346000000002,0.20151712411467465,0.710369495,0.9995551091725932,0.352116705,185.20989947319032,3.2333333333333334,0.16666666666666666,0.16666666666666666,0.0,47.52658506666667,,0.16666666666666666,1.9666666666666666,0.9666666666666667,0.5333333333333333,0.0,0.5333333333333333
claude-sonnet,shell_unprimed,hn_api_cache_ttl,capability,30,1.0,1.0,1.0,1.0,202.8459022760391,261.4387706518173,296.66425647735593,256.4925448576609,35.789930783543966,0.1395359494889233,0.4485509900000001,0.5428347,0.693214905,0.55404648,0.09142960165685855,0.16502153692386703,2.2190925000000004,2.6022999,0.12180037602027985,1.68045602,0.9998608613617491,0.55404648,256.4925448576609,3.3333333333333335,0.3333333333333333,0.3333333333333333,0.0,137.19404746666666,,0.6,1.7,0.7,0.13333333333333333,0.0,0.13333333333333333
claude-sonnet,shell_unprimed,hn_offline_api_refactor,capability,30,1.0,1.0,1.0,1.0,149.1365795135498,207.79766476154327,227.7464938402176,195.12270735899608,31.299818149698257,0.16041094639032122,0.354138725,0.5025773,0.55610279,0.48301155333333334,0.07974771359888085,0.1651051885788864,1.7557485000000002,2.0066529,0.13359519686751944,1.2538673466666668,0.9998591538186906,0.48301155333333334,195.12270735899608,3.933333333333333,0.43333333333333335,0.43333333333333335,0.0,109.9231555,,0.2,1.5666666666666667,0.5666666666666667,0.4666666666666667,0.0,0.4666666666666667
claude-sonnet,shell_unprimed,hn_settings_deeplink,capability,30,1.0,1.0,1.0,1.0,179.93252518177033,201.67047607898712,277.9633677244187,219.20714524586995,56.71545781634541,0.25872996864555436,0.38729428999999993,0.4594081499999999,0.6417761900000001,0.4825161916666666,0.09367439481705443,0.19413730862272677,2.5740689999999997,3.3576441,0.21051231414267363,2.2150749083333334,0.9999098847045356,0.4825161916666666,219.20714524586995,1.3,7.8,7.8,0.0,89.25155313333333,,0.0,1.0,0.0,0.4,0.0,0.4
claude-sonnet,shell_unprimed,smoke_build_install_launch,regression,30,1.0,1.0,1.0,1.0,102.35396029949189,116.57897317409515,149.8539071559906,124.69302009741465,28.670386257406445,0.2299277556595238,0.31349330000000003,0.3753457,0.4132353949999999,0.36487425833333326,0.05287497590028158,0.14491286982480772,0.9454710000000002,1.2103782,0.23432951667545837,0.5665750416666667,0.9996709693703937,0.36487425833333326,124.69302009741465,2.3,4.266666666666667,4.266666666666667,0.0,58.98030137931035,,0.0,1.0,0.0,0.5666666666666667,0.0,0.5666666666666667
codex,mcp_unprimed,feature_from_task_md_fix_tests,capability,30,1.0,1.0,1.0,1.0,103.79141554832458,113.54381346702576,131.70578997135163,116.45159761110942,14.568891667928167,0.125106842385976,0.17942487499999998,0.205562,0.24734612000000003,0.21244878666666667,0.03669277673144415,0.17271351513536917,0.398269375,0.46332475,0.10954151994139265,0.20019963833333335,0.8017766619602661,0.21244878666666667,116.45159761110942,0.0,0.0,0.0,6.433333333333334,,112.09403760000001,0.0,0.0,0.0,0.36666666666666664,0.0,0.36666666666666664
codex,mcp_unprimed,hn_api_cache_ttl,capability,30,1.0,1.0,1.0,1.0,146.78392860889437,165.6389012336731,198.1159624814987,170.06028338273367,20.02707890804313,0.1177645862377558,0.22112947500000002,0.271229175,0.327844825,0.27343071,0.043125997247089036,0.15772184933831696,0.521892,0.604557275,0.17259966154197384,0.24626457333333335,0.9007754340847194,0.27343071,170.06028338273367,0.0,0.0,0.0,6.533333333333333,,154.54057843333334,0.0,0.0,0.0,1.4333333333333333,0.3333333333333333,1.1
codex,mcp_unprimed,hn_offline_api_refactor,capability,30,1.0,1.0,1.0,1.0,111.08365519046782,128.01103293895721,141.9867430448532,127.19746464888254,12.127097304280737,0.09534071561690735,0.15071104999999999,0.1902516,0.23204258,0.19048610000000002,0.031724130903266465,0.1665430228413856,0.43211875,0.484039325,0.11102649511975067,0.23492227499999999,0.8995412188445787,0.19048610000000002,127.19746464888254,0.06666666666666667,0.0,0.0,7.233333333333333,107.498002,95.45532929999999,0.0,0.06666666666666667,0.0,1.6333333333333333,0.9666666666666667,0.6666666666666666
codex,mcp_unprimed,hn_settings_deeplink,capability,30,1.0,1.0,1.0,1.0,164.16719622611998,178.8244549036026,192.71197204589845,180.07753971417745,10.872595830412994,0.06037730106525327,0.363945295,0.394129575,0.461789545,0.4042749666666667,0.03751239105554123,0.0927892997304258,1.0220105,1.0819836999999999,0.056579628108347636,0.608019825,0.9257334413894375,0.4042749666666667,180.07753971417745,0.0,1.5666666666666667,1.5666666666666667,11.3,,136.66882669999998,0.0,0.0,0.0,0.6,0.1,0.5
codex,mcp_unprimed,smoke_build_install_launch,regression,30,1.0,1.0,1.0,1.0,73.18376502990722,80.54933106899261,89.44302458763123,81.08237260977427,7.228266560716902,0.08914720090277123,0.07969626,0.109970875,0.12911265500000002,0.10828564833333335,0.021455817496316837,0.19814091550036125,0.2395155,0.259890925,0.06921609219109211,0.13702241,0.8906862147925451,0.10828564833333335,81.08237260977427,0.0,0.0,0.0,10.366666666666667,,61.7976698,0.0,0.0,0.0,0.06666666666666667,0.0,0.06666666666666667
codex,mcp_unprimed_v2,feature_from_task_md_fix_tests,capability,15,1.0,1.0,1.0,1.0,115.30469903945922,129.411119222641,144.1457471370697,129.70202291806538,12.066301737461421,0.09303094482253277,0.15803487,0.18799234999999997,0.20389558,0.18483763666666667,0.019777752060210655,0.10700067592769294,0.40550125,0.4444727,0.11609070642119584,0.20860646333333335,0.84638507718695,0.18483763666666667,129.70202291806538,1.0,0.0,0.0,6.4,131.10562173333332,102.3726358,0.0,1.0,0.0,0.8666666666666667,0.4666666666666667,0.4
codex,mcp_unprimed_v2,hn_api_cache_ttl,capability,15,1.0,1.0,1.0,1.0,162.19143962860107,196.3619921207428,258.8196760654449,201.29344512621563,38.1225588695641,0.18938797955224215,0.22654163,0.28540435,0.33565265999999994,0.28368605999999996,0.044096081218505126,0.15543971818179975,0.5743079999999999,0.6842062499999999,0.1941733103057506,0.26475530666666663,0.917415481091729,0.28368605999999996,201.29344512621563,1.0,0.0,0.0,6.733333333333333,201.805628,149.1066596,0.0,1.0,0.0,2.4,1.0666666666666667,1.3333333333333333
codex,mcp_unprimed_v2,hn_offline_api_refactor,capability,15,1.0,1.0,1.0,1.0,129.45372862815856,145.0436532497406,163.5555462360382,146.33535834948222,15.559584999085947,0.10632826662388804,0.16637656,0.1855441,0.23027872,0.19445190333333334,0.027980596433022416,0.14389469042664765,0.427574,0.5029556,0.14554417872044204,0.23654416333333333,0.913490010791602,0.19445190333333334,146.33535834948222,1.0,0.0,0.0,8.0,146.83498413333334,90.71778053333333,0.0,1.0,0.0,2.466666666666667,1.6666666666666667,0.8
codex,mcp_unprimed_v2,hn_settings_deeplink,capability,15,1.0,1.0,1.0,1.0,165.5639398097992,203.2423927783966,214.045064163208,194.97426745096843,20.9573075389652,0.107487556245008,0.34143137,0.3731945,0.40744753,0.37533496,0.030558997479572195,0.08141793527459365,0.840189,0.9470390999999998,0.09455574615030336,0.4661152066666666,0.9073029553665364,0.37533496,194.97426745096843,0.0,1.4,1.4,11.466666666666667,,138.3554538,0.0,0.0,0.0,1.3333333333333333,0.7333333333333333,0.6
codex,mcp_unprimed_v2,smoke_build_install_launch,regression,15,1.0,1.0,1.0,1.0,92.22856016159056,100.27090001106262,140.92025475502012,121.313818470637,68.21720090270772,0.5623201195271841,0.10122909999999999,0.11680865,0.15422848,0.12272747666666665,0.020912350990459364,0.17039665084338243,0.29235675,0.3313891,0.09464104300536103,0.17597395666666665,0.9192957934978543,0.12272747666666665,121.313818470637,0.0,0.0,0.0,13.0,,94.92702933333334,0.0,0.0,0.0,1.2,1.0,0.2
codex,shell_primed,feature_from_task_md_fix_tests,capability,30,1.0,1.0,1.0,1.0,87.12127697467804,95.77602899074554,106.08707163333892,95.75427877108255,8.066518337343085,0.08424185781428646,0.09001314,0.10937045000000001,0.15308174000000002,0.11431215833333333,0.021646989011352143,0.18936733700915434,0.163464,0.26488455,0.2798777979565801,0.06664414166666667,0.7211500720563685,0.11431215833333333,95.75427877108255,1.4333333333333333,0.0,0.0,0.0,84.19993036666666,,0.16666666666666666,1.2333333333333334,0.23333333333333334,0.5333333333333333,0.0,0.5333333333333333
codex,shell_primed,hn_api_cache_ttl,capability,30,1.0,1.0,1.0,1.0,131.17417583465576,159.85071742534637,181.43589544296265,159.60861535867056,23.244101862608154,0.14563187463517735,0.17580717,0.22858762500000002,0.31715460000000006,0.239272215,0.05828700035996692,0.24360120693481657,0.30161862500000003,0.388956925,0.2828281975647354,0.056138635000000006,0.737748503329987,0.239272215,159.60861535867056,1.4666666666666666,0.0,0.0,0.0,139.3295253,,0.43333333333333335,1.0333333333333334,0.03333333333333333,1.0666666666666667,0.0,1.0666666666666667
codex,shell_primed,hn_offline_api_refactor,capability,30,1.0,1.0,1.0,1.0,98.46895518302918,114.26580667495728,132.13325705528263,117.12249649365744,20.743361726332374,0.17710826141291902,0.15197808499999998,0.17864385,0.220462585,0.18179632333333334,0.027984656356187753,0.15393411617503605,0.24742725,0.319564525,0.15238284716502623,0.06402530166666666,0.6856292838673524,0.18179632333333334,117.12249649365744,2.1,0.0,0.0,0.0,79.14823943333334,,1.0,1.1,0.1,1.3666666666666667,0.0,1.3666666666666667
codex,shell_primed,hn_settings_deeplink,capability,30,1.0,1.0,1.0,1.0,127.58498344421388,153.3067169189453,177.2921926021576,154.9371425628662,19.268579493687184,0.12436384959060996,0.25811320499999996,0.312422775,0.36454586,0.3134480766666667,0.04154902099224177,0.13255471666660334,0.5232954999999999,0.684932675,0.1986668178207734,0.22720462333333336,0.8324724349294931,0.3134480766666667,154.9371425628662,1.1333333333333333,4.066666666666666,4.066666666666666,0.0,114.43999465517241,,0.0,1.0,0.0,1.2,0.0,1.2
codex,shell_primed,smoke_build_install_launch,regression,30,1.0,1.0,1.0,1.0,51.646996402740484,62.001546025276184,81.94711072444916,64.99454692999522,15.167601416037074,0.23336729206488507,0.08306784499999999,0.11141655,0.18284297499999996,0.12417896166666667,0.04304544629816316,0.34664041090720316,0.15418112499999997,0.20234410000000003,0.23346254836030483,0.03691419666666666,0.6987678525052637,0.12417896166666667,64.99454692999522,1.4,2.9,2.9,0.0,45.88819793333333,,0.13333333333333333,1.0,0.0,0.36666666666666664,0.0,0.36666666666666664
codex,shell_unprimed,feature_from_task_md_fix_tests,capability,30,1.0,1.0,1.0,1.0,132.16779811382293,174.47720110416412,191.59550290107728,171.02916785875956,22.898568875367552,0.13388692210838446,0.11896167499999999,0.14385752499999999,0.18795388499999996,0.14836432333333333,0.02787822181312284,0.18790381128546813,0.208942125,0.26670805,0.2035086821261577,0.06544052666666667,0.7125644351274595,0.14836432333333333,171.02916785875956,2.1,0.06666666666666667,0.06666666666666667,0.0,126.54894320689655,,0.03333333333333333,1.9333333333333333,0.9666666666666667,1.6,0.0,1.6
codex,shell_unprimed,hn_api_cache_ttl,capability,30,1.0,1.0,1.0,1.0,216.29311904907226,232.2546055316925,245.6647964477539,232.50297900835673,15.175749990983853,0.0652712066559732,0.20567645,0.257462975,0.345978115,0.27340671166666664,0.06643526620146173,0.24299061934682353,0.31767924999999997,0.4395237,0.22803821755839287,0.07181158833333333,0.7448849357694384,0.27340671166666664,232.50297900835673,2.533333333333333,0.0,0.0,0.0,179.3460258,,0.4,2.1,1.1,2.1,0.0,2.1
codex,shell_unprimed,hn_offline_api_refactor,capability,30,1.0,1.0,1.0,1.0,176.27823362350463,194.31591832637787,210.0220022201538,194.62617863814037,15.33420714250278,0.0787879988694274,0.16950338999999998,0.20458094999999998,0.27250513500000006,0.21567288166666668,0.050109013160643374,0.23233803329103464,0.27623925,0.374832675,0.2118992658396827,0.08697077666666667,0.7199882957696917,0.21567288166666668,194.62617863814037,3.433333333333333,0.0,0.0,0.0,129.36441676666666,,1.0,2.3,1.3,2.3,0.0,2.3
codex,shell_unprimed,hn_settings_deeplink,capability,30,0.9666666666666667,0.9666666666666667,0.9999629629629629,0.9032962962962963,117.97455933094025,150.2586623430252,164.36008975505828,144.86536982854207,23.41602749690369,0.16163992488072296,0.268831395,0.323818075,0.398628125,0.325087035,0.0636540727477205,0.1958062484642628,0.55136725,0.62305495,0.14172043374752516,0.21500381724137932,0.8092613232780812,0.3362969327586207,149.86072740883662,1.4,3.9,3.9,0.0,104.31593017241379,,0.0,0.9666666666666667,0.0,0.8666666666666667,0.0,0.8666666666666667
codex,shell_unprimed,smoke_build_install_launch,regression,30,1.0,1.0,1.0,1.0,81.25193872451783,107.77853846549988,124.86534309387207,105.87550779978434,25.014110753906756,0.23625965318824857,0.11806067,0.138280625,0.180206915,0.14801880333333334,0.028672505157737886,0.19370853237590616,0.23803587499999998,0.27383405,0.13555520494277587,0.092355655,0.802916024661712,0.14801880333333334,105.87550779978434,3.7,2.7666666666666666,2.7666666666666666,0.0,91.45595776666667,,1.1666666666666667,1.0,0.0,1.7333333333333334,0.0,1.7333333333333334
